{
    "ABRA": 0.24002253093036252,
    "AGUSAN DEL NORTE": 0.2395582133351592,
    "AGUSAN DEL SUR": 0.20404267132233211,
    "AKLAN": 0.13293004812662929,
    "ALBAY": 0.1,
    "ANTIQUE": 0.11612736583902213,
    "APAYAO": 0.19176364082988318,
    "AURORA": 0.1563637599835387,
    "BASILAN": 0.6346954214072065,
    "BATAAN": 0.1393120841545229,
    "BATANES": 0.2817166029146497,
    "BATANGAS": 0.1,
    "BENGUET": 0.13256110461432655,
    "BILIRAN": 0.186835874406513,
    "BOHOL": 0.1,
    "BUKIDNON": 0.14764189290918445,
    "BULACAN": 0.1,
    "CAGAYAN": 0.1,
    "CAMARINES NORTE": 0.10620590465147717,
    "CAMARINES SUR": 0.1006454970750292,
    "CAMIGUIN": 0.2985736072120301,
    "CAPIZ": 0.14429217321759116,
    "CATANDUANES": 0.11984030049946891,
    "CAVITE": 0.1,
    "CEBU": 0.10467628204300888,
    "DAVAO DE ORO": 0.15384370914651668,
    "DAVAO DEL NORTE": 0.12644901967635647,
    "DAVAO DEL SUR": 0.16675154915913643,
    "DAVAO OCCIDENTAL": 0.36104094833799094,
    "DAVAO ORIENTAL": 0.15041074695674184,
    "DINAGAT ISLANDS": 0.28755495185769997,
    "EASTERN SAMAR": 0.16631300548489894,
    "GUIMARAS": 0.16072069355698027,
    "IFUGAO": 0.16150584352980615,
    "ILOCOS NORTE": 0.12663541573006654,
    "ILOCOS SUR": 0.1169610341605033,
    "ILOILO": 0.1,
    "ISABELA": 0.1112309628865109,
    "KALINGA": 0.17677778144937673,
    "LA UNION": 0.11847838692475249,
    "LAGUNA": 0.1,
    "LANAO DEL NORTE": 0.41121718648779737,
    "LANAO DEL SUR": 0.4444384805886266,
    "LEYTE": 0.14319148137213605,
    "MAGUINDANAO": 0.5121264841695102,
    "MARINDUQUE": 0.1248218780369901,
    "MASBATE": 0.15117957484238465,
    "MISAMIS OCCIDENTAL": 0.26467727015452375,
    "MISAMIS ORIENTAL": 0.12531936284660508,
    "MOUNTAIN PROVINCE": 0.16667487583553298,
    "NATIONAL CAPITAL REGION - FOURTH DISTRICT": 0.1,
    "NATIONAL CAPITAL REGION - MANILA": 0.1,
    "NATIONAL CAPITAL REGION - SECOND DISTRICT": 0.1,
    "NATIONAL CAPITAL REGION - THIRD DISTRICT": 0.1,
    "NEGROS OCCIDENTAL": 0.11872640168722942,
    "NEGROS ORIENTAL": 0.13037578552724366,
    "NORTH COTABATO": 0.19130157963774636,
    "NORTHERN SAMAR": 0.196319722896098,
    "NUEVA ECIJA": 0.1,
    "NUEVA VIZCAYA": 0.1413931810509794,
    "OCCIDENTAL MINDORO": 0.1774931517236871,
    "ORIENTAL MINDORO": 0.12034792456202965,
    "PALAWAN": 0.1332021359146734,
    "PAMPANGA": 0.1,
    "PANGASINAN": 0.1,
    "QUEZON": 0.1,
    "QUIRINO": 0.15622771209455416,
    "RIZAL": 0.10629022406533309,
    "ROMBLON": 0.1453854614894855,
    "SARANGANI": 0.23475853836822824,
    "SIQUIJOR": 0.20039755369612014,
    "SORSOGON": 0.10019942290935249,
    "SOUTH COTABATO": 0.1323855639964277,
    "SOUTHERN LEYTE": 0.17457246633094448,
    "SULTAN KUDARAT": 0.21581263442594706,
    "SULU": 0.8127960542420796,
    "SURIGAO DEL NORTE": 0.17492260906024432,
    "SURIGAO DEL SUR": 0.14948678863353543,
    "TARLAC": 0.1,
    "TAWI-TAWI": 0.8561528488904134,
    "WESTERN SAMAR": 0.18975619279281292,
    "ZAMBALES": 0.1,
    "ZAMBOANGA DEL NORTE": 0.1610005228553096,
    "ZAMBOANGA DEL SUR": 0.19436459975726764,
    "ZAMBOANGA SIBUGAY": 0.18482859646451452
}